code,2013
1001,55246
1003,195540
1005,27076
1007,22512
1009,57872
1011,10639
1013,20265
1015,116736
1017,34162
1019,26203
1021,43951
1023,13426
1025,25207
1027,13486
1029,14994
1031,50938
1033,54520
1035,12887
1037,10898
1039,37886
1041,13986
1043,80811
1045,49884
1047,41996
1049,71013
1051,80902
1053,37983
1055,103931
1057,16909
1059,31532
1061,26727
1063,8744
1065,15406
1067,17296
1069,103668
1071,52951
1073,659479
1075,14236
1077,92797
1079,33587
1081,150933
1083,88845
1085,10703
1087,19688
1089,346892
1091,20155
1093,30334
1095,94760
1097,414079
1099,22236
1101,226659
1103,119787
1105,10020
1107,19401
1109,33339
1111,22727
1113,59585
1115,86308
1117,204180
1119,13361
1121,81096
1123,41203
1125,200821
1127,65998
1129,16877
1131,11307
1133,24146
2013,3092
2016,5511
2020,300950
2050,17758
2060,960
2068,1867
2070,5010
2090,100436
2100,2592
2105,2145
2110,32660
2122,57147
2130,13729
2150,14135
2164,1648
2170,95192
2180,9892
2185,9686
2188,7685
2195,3774
2198,5786
2220,9020
2230,995
2240,6985
2261,9763
2270,7977
2275,2400
2282,642
2290,5695
4001,71934
4003,129473
4005,136539
4007,53053
4009,37482
4011,9049
4012,20324
4013,4009412
4015,203030
4017,107322
4019,996554
4021,389350
4023,46768
4025,215133
4027,201201
5001,18777
5003,21283
5005,40957
5007,237297
5009,37396
5011,11249
5013,5241
5015,27808
5017,11335
5019,22743
5021,15402
5023,25686
5025,8593
5027,24164
5029,21245
5031,101488
5033,61640
5035,49746
5037,17548
5039,7933
5041,12505
5043,18785
5045,119580
5047,18034
5049,12304
5051,97173
5053,18019
5055,43097
5057,22474
5059,33500
5061,13581
5063,36997
5065,13368
5067,17615
5069,73191
5071,25846
5073,7252
5075,17011
5077,10015
5079,14031
5081,12730
5083,22082
5085,70753
5087,15701
5089,16430
5091,43402
5093,44765
5095,7682
5097,9226
5099,8799
5101,8064
5103,25002
5105,10345
5107,20399
5109,11177
5111,24145
5113,20406
5115,62547
5117,8374
5119,391284
5121,17692
5123,27260
5125,114404
5127,10950
5129,8023
5131,127342
5133,17366
5135,17049
5137,12581
5139,40694
5141,16932
5143,216410
5145,78483
5147,7072
5149,21893
6001,1578891
6003,1159
6005,36519
6007,222090
6009,44515
6011,21358
6013,1094205
6015,27873
6017,181737
6019,955272
6021,27940
6023,134493
6025,176584
6027,18467
6029,864124
6031,150960
6033,63860
6035,32163
6037,10017068
6039,152389
6041,258365
6043,17755
6045,87192
6047,263228
6049,9147
6051,14074
6053,428826
6055,140326
6057,98200
6059,3114363
6061,367309
6063,18859
6065,2292507
6067,1462131
6069,57600
6071,2088371
6073,3211252
6075,837442
6077,704379
6079,276443
6081,747373
6083,435697
6085,1862041
6087,269419
6089,178980
6091,3047
6093,43799
6095,424788
6097,495025
6099,525491
6101,95350
6103,63057
6105,13448
6107,454143
6109,53874
6111,839620
6113,204593
6115,73340
8001,469193
8003,16253
8005,607070
8007,12194
8009,3682
8011,5688
8013,310048
8014,59471
8015,18510
8017,1890
8019,9031
8021,8277
8023,3518
8025,5322
8027,4285
8029,30483
8031,649495
8033,2029
8035,305963
8037,52460
8039,23733
8041,655044
8043,46451
8045,57302
8047,5601
8049,14289
8051,15507
8053,813
8055,6519
8057,1365
8059,551798
8061,1423
8063,8037
8065,7306
8067,53284
8069,315988
8071,14446
8073,5430
8075,22450
8077,147554
8079,721
8081,13103
8083,25642
8085,40713
8087,28404
8089,18703
8091,4557
8093,16121
8095,4356
8097,17379
8099,12291
8101,161451
8103,6807
8105,11803
8107,23513
8109,6208
8111,692
8113,7678
8115,2360
8117,28649
8119,23275
8121,4803
8123,269785
8125,10151
9001,939904
9003,898272
9005,186924
9007,165562
9009,862287
9011,274150
9013,151377
9015,117604
10001,169416
10003,549684
10005,206649
11001,646449
12001,253451
12003,27013
12005,174987
12007,26850
12009,550823
12011,1838844
12013,14682
12015,164736
12017,139271
12019,196399
12021,339642
12023,67543
12027,34517
12029,15940
12031,885855
12033,305817
12035,99956
12037,11598
12039,46194
12041,16931
12043,13345
12045,15829
12047,14354
12049,27519
12051,37471
12053,174441
12055,97616
12057,1291578
12059,19717
12061,141994
12063,48922
12065,14194
12067,8848
12069,308034
12071,661115
12073,281845
12075,39644
12077,8349
12079,18728
12081,342106
12083,337362
12085,151263
12086,2617176
12087,76351
12089,75710
12091,193811
12093,39330
12095,1225267
12097,298504
12099,1372171
12101,475502
12103,929048
12105,623009
12107,72577
12109,209647
12111,286832
12113,161096
12115,390429
12117,436041
12119,107056
12121,43734
12123,22857
12125,15136
12127,500800
12129,31022
12131,59807
12133,24624
13001,18440
13003,8290
13005,11216
13007,3341
13009,46039
13011,18415
13013,71453
13015,101273
13017,17515
13019,19048
13021,154721
13023,12771
13025,18292
13027,15516
13029,33157
13031,71214
13033,22923
13035,23361
13037,6523
13039,51476
13043,10937
13045,112355
13047,65311
13049,13255
13051,278434
13053,12842
13055,25138
13057,225106
13059,121265
13061,3045
13063,264220
13065,6795
13067,717190
13069,43220
13071,46275
13073,135416
13075,17066
13077,133180
13079,12504
13081,23336
13083,16507
13085,22686
13087,27359
13089,713340
13091,21221
13093,14304
13095,92969
13097,136379
13099,10542
13101,4057
13103,54456
13105,19599
13107,22867
13109,10833
13111,23760
13113,108365
13115,95821
13117,195405
13119,22009
13121,1010562
13123,28579
13125,3102
13127,81508
13129,55757
13131,25278
13133,16321
13135,859304
13137,43300
13139,187745
13141,8879
13143,28495
13145,32663
13147,25446
13149,11558
13151,211128
13153,147658
13155,9427
13157,61044
13159,13601
13161,15004
13163,16320
13165,9269
13167,9767
13169,28569
13171,17959
13173,10408
13175,47999
13177,29071
13179,64135
13181,7751
13183,16624
13185,112916
13187,30918
13189,21565
13191,14007
13193,14009
13195,28057
13197,8640
13199,21232
13201,5932
13205,23045
13207,26984
13209,9021
13211,17781
13213,39267
13215,202824
13217,102446
13219,34035
13221,14548
13223,146950
13225,27014
13227,29584
13229,18938
13231,17796
13233,41183
13235,11542
13237,21371
13239,2367
13241,16235
13243,7197
13245,202003
13247,86919
13249,5089
13251,14240
13253,8945
13255,63829
13257,25683
13259,5868
13261,31364
13263,6456
13265,1703
13267,25526
13269,8464
13271,16591
13273,9022
13275,44869
13277,40286
13279,27273
13281,10771
13283,6712
13285,69053
13287,8134
13289,8481
13291,21566
13293,26566
13295,68198
13297,85754
13299,35709
13301,5558
13303,20676
13305,30077
13307,2719
13309,7909
13311,27797
13313,102945
13315,8960
13317,10010
13319,9432
13321,21291
15001,190821
15003,983429
15005,90
15007,69512
15009,160202
16001,416464
16003,3828
16005,83249
16007,5943
16009,9044
16011,45290
16013,21329
16015,6795
16017,40699
16019,107517
16021,10853
16023,2642
16025,1042
16027,198871
16029,6808
16031,23331
16033,867
16035,8577
16037,4249
16039,26170
16041,12854
16043,12927
16045,16686
16047,15080
16049,16116
16051,26914
16053,22514
16055,144265
16057,38078
16059,7712
16061,3902
16063,5315
16065,37450
16067,20292
16069,39915
16071,4275
16073,11472
16075,22610
16077,7719
16079,12690
16081,10275
16083,79957
16085,9606
16087,9944
17001,67130
17003,7629
17005,17470
17007,53957
17009,6860
17011,34056
17013,5059
17015,14910
17017,13324
17019,204897
17021,34298
17023,16182
17025,13566
17027,37907
17029,53697
17031,5240700
17033,19505
17035,10939
17037,104741
17039,16420
17041,19887
17043,932126
17045,17960
17047,6672
17049,34307
17051,22060
17053,13832
17055,39202
17057,36346
17059,5415
17061,13629
17063,50228
17065,8368
17067,18618
17069,4181
17071,6990
17073,49860
17075,28982
17077,59814
17079,9592
17081,38644
17083,22641
17085,22407
17087,12677
17089,523643
17091,112120
17093,119348
17095,52078
17097,703019
17099,112183
17101,16558
17103,34858
17105,38186
17107,29964
17109,32464
17111,307409
17113,174647
17115,109278
17117,46880
17119,267225
17121,38622
17123,12153
17125,14248
17127,15073
17129,12607
17131,16178
17133,33493
17135,29654
17137,35067
17139,14876
17141,52385
17143,188429
17145,21887
17147,16433
17149,16150
17151,4312
17153,5908
17155,5801
17157,32890
17159,16182
17161,147258
17163,266955
17165,24939
17167,199145
17169,7444
17171,5222
17173,22119
17175,5907
17177,46740
17179,136352
17181,17583
17183,80329
17185,11665
17187,17726
17189,14448
17191,16612
17193,14549
17195,57557
17197,682829
17199,66924
17201,290666
17203,39273
18001,34614
18003,363014
18005,79587
18007,8767
18009,12481
18011,60477
18013,15023
18015,20086
18017,38463
18019,112938
18021,26803
18023,32916
18025,10621
18027,32407
18029,49904
18031,26277
18033,42307
18035,117484
18037,42361
18039,200563
18041,23861
18043,76244
18045,16880
18047,22951
18049,20449
18051,33612
18053,69126
18055,32781
18057,296693
18059,71575
18061,39163
18063,153879
18065,49044
18067,82760
18069,36791
18071,43466
18073,33389
18075,21330
18077,32458
18079,28241
18081,145535
18083,37954
18085,77963
18087,37996
18089,491456
18091,111281
18093,45844
18095,130482
18097,928281
18099,47109
18101,10160
18103,36140
18105,141888
18107,38177
18109,69782
18111,14087
18113,47570
18115,5994
18117,19773
18119,21201
18121,17202
18123,19558
18125,12683
18127,166557
18129,25486
18131,13007
18133,37505
18135,25627
18137,28419
18139,17004
18141,266709
18143,23972
18145,44729
18147,20944
18149,23197
18151,34358
18153,21223
18155,10526
18157,180174
18159,15650
18161,7277
18163,181398
18165,15878
18167,108291
18169,32358
18171,8415
18173,61049
18175,27780
18177,67893
18179,27814
18181,24466
18183,33294
19001,7472
19003,3894
19005,14169
19007,12692
19009,5873
19011,25699
19013,132546
19015,26364
19017,24624
19019,20976
19021,20567
19023,15021
19025,9926
19027,20598
19029,13598
19031,18393
19033,43575
19035,11945
19037,12321
19039,9325
19041,16491
19043,17773
19045,48420
19047,17434
19049,74641
19051,8791
19053,8136
19055,17534
19057,40480
19059,16955
19061,95697
19063,9996
19065,20502
19067,16092
19069,10548
19071,7080
19073,9139
19075,12314
19077,10687
19079,15312
19081,11094
19083,17441
19085,14431
19087,20222
19089,9526
19091,9688
19093,7141
19095,16330
19097,19587
19099,36641
19101,16810
19103,139155
19105,20611
19107,10329
19109,15321
19111,35682
19113,216111
19115,11282
19117,8746
19119,11712
19121,15448
19123,22417
19125,33252
19127,40994
19129,14896
19131,10709
19133,9121
19135,8012
19137,10424
19139,42836
19141,14044
19143,6211
19145,15713
19147,9185
19149,24957
19151,7154
19153,451677
19155,92728
19157,18601
19159,5072
19161,10071
19163,170385
19165,11961
19167,34547
19169,92406
19171,17576
19173,6161
19175,12583
19177,7436
19179,35391
19181,47336
19183,22015
19185,6402
19187,37044
19189,10554
19191,20994
19193,102130
19195,7541
19197,12972
20001,13124
20003,7897
20005,16749
20007,4947
20009,27509
20011,14852
20013,9997
20015,65803
20017,2700
20019,3552
20021,20978
20023,2694
20025,2193
20027,8406
20029,9292
20031,8412
20033,1955
20035,36204
20037,39278
20039,2930
20041,19609
20043,7851
20045,114322
20047,2945
20049,2655
20051,29061
20053,6398
20055,37098
20057,34819
20059,25740
20061,37384
20063,2769
20065,2593
20067,7950
20069,6009
20071,1290
20073,6424
20075,2609
20077,5860
20079,34741
20081,4141
20083,1950
20085,13366
20087,18813
20089,3046
20091,566933
20093,3923
20095,7844
20097,2523
20099,20916
20101,1720
20103,78185
20105,3147
20107,9516
20109,2798
20111,33510
20113,29569
20115,12219
20117,10002
20119,4343
20121,32835
20123,6378
20125,34292
20127,5741
20129,3143
20131,10161
20133,16430
20135,3073
20137,5622
20139,16142
20141,3818
20143,6042
20145,6971
20147,5540
20149,22691
20151,9878
20153,2589
20155,64190
20157,4820
20159,10011
20161,75394
20163,5190
20165,3186
20167,6933
20169,55740
20171,5035
20173,505415
20175,23390
20177,178831
20179,2553
20181,6115
20183,3706
20185,4359
20187,2194
20189,5816
20191,23591
20193,7948
20195,2980
20197,7051
20199,1569
20201,5629
20203,2192
20205,9105
20207,3221
20209,160384
21001,18732
21003,20311
21005,21811
21007,8332
21009,43027
21011,11961
21013,27885
21015,124442
21017,19998
21019,48886
21021,29013
21023,8416
21025,13545
21027,20040
21029,76854
21031,12793
21033,12823
21035,37657
21037,90988
21039,5001
21041,10953
21043,27202
21045,16067
21047,74167
21049,35614
21051,21364
21053,10146
21055,9255
21057,6789
21059,98218
21061,12062
21063,7637
21065,14488
21067,308428
21069,14508
21071,38728
21073,49648
21075,6385
21077,8474
21079,16915
21081,24753
21083,37451
21085,25997
21087,11180
21089,36519
21091,8687
21093,108191
21095,28499
21097,18518
21099,18573
21101,46347
21103,15445
21105,4745
21107,46634
21109,13427
21111,756832
21113,50173
21115,23449
21117,163145
21119,15976
21121,31790
21123,14064
21125,59563
21127,15856
21129,7260
21131,11019
21133,23619
21135,13806
21137,24370
21139,9359
21141,26876
21143,8451
21145,65373
21147,17989
21149,9496
21151,85590
21153,12950
21155,20045
21157,31107
21159,12647
21161,17278
21163,29210
21165,6288
21167,21349
21169,9983
21171,10681
21173,27251
21175,13380
21177,31179
21179,44540
21181,7039
21183,23988
21185,62364
21187,10662
21189,4654
21191,14570
21193,28010
21195,63380
21197,12494
21199,63907
21201,2235
21203,16693
21205,23527
21207,17752
21209,49947
21211,44216
21213,17793
21215,17637
21217,24649
21219,12503
21221,14293
21223,8816
21225,15029
21227,118370
21229,11875
21231,20678
21233,13452
21235,35766
21237,7248
21239,25275
22001,62204
22003,25537
22005,114393
22007,23187
22009,41299
22011,36167
22013,13981
22015,123823
22017,254887
22019,195296
22021,9989
22023,6744
22025,10238
22027,16650
22029,20442
22031,27083
22033,445227
22035,7529
22037,19728
22039,33578
22041,20571
22043,22030
22045,73878
22047,33367
22049,16112
22051,434767
22053,31301
22055,230845
22057,97141
22059,14777
22061,47414
22063,134053
22065,11927
22067,27057
22069,39138
22071,378715
22073,156220
22075,23550
22077,22499
22079,132723
22081,8894
22083,20857
22085,24235
22087,43482
22089,52617
22091,10875
22093,21752
22095,43761
22097,83454
22099,52936
22101,53543
22103,242333
22105,125412
22107,4908
22109,112749
22111,22344
22113,59253
22115,52606
22117,46419
22119,40678
22121,24573
22123,11465
22125,15444
22127,14813
23001,107604
23003,70055
23005,285456
23007,30495
23009,54845
23011,121164
23013,39550
23015,34088
23017,57277
23019,153364
23021,17124
23023,35013
23025,51706
23027,38940
23029,32190
23031,199431
24001,73521
24003,555743
24005,823015
24009,90484
24011,32693
24013,167564
24015,101913
24017,152864
24019,32660
24021,241409
24023,29889
24025,249215
24027,304580
24029,19944
24031,1016677
24033,890081
24035,48517
24037,109633
24039,26273
24041,37931
24043,149588
24045,100896
24047,51620
24510,622104
25001,214990
25003,129585
25005,552780
25007,17256
25009,762550
25011,71221
25013,467319
25015,159596
25017,1552802
25019,10399
25021,687802
25023,501915
25025,755503
25027,809106
26001,10578
26003,9522
26005,112531
26007,29091
26009,23370
26011,15487
26013,8695
26015,59097
26017,106832
26019,17428
26021,155252
26023,43649
26025,135012
26027,51910
26029,26129
26031,25726
26033,38696
26035,30569
26037,76739
26039,13904
26041,36905
26043,26098
26045,108348
26047,33140
26049,415376
26051,25493
26053,15916
26055,89987
26057,41968
26059,46101
26061,36225
26063,32224
26065,282234
26067,64073
26069,25429
26071,11516
26073,70436
26075,160369
26077,256725
26079,17196
26081,621700
26083,2191
26085,11386
26087,88389
26089,21747
26091,99188
26093,184443
26095,6502
26097,11061
26099,854769
26101,24450
26103,67700
26105,28605
26107,43108
26109,23791
26111,83919
26113,15051
26115,150376
26117,63105
26119,9350
26121,171008
26123,48001
26125,1231640
26127,26245
26129,21234
26131,6322
26133,23259
26135,8379
26137,24129
26139,272701
26141,13062
26143,24014
26145,196542
26147,160469
26149,60964
26151,41823
26153,8247
26155,68900
26157,54263
26159,75455
26161,354240
26163,1775273
26165,32645
27001,15742
27003,339534
27005,33231
27007,45670
27009,39214
27011,5122
27013,65528
27015,25332
27017,35460
27019,95562
27021,28555
27023,12093
27025,53761
27027,60661
27029,8838
27031,5200
27033,11616
27035,63208
27037,408509
27039,20349
27041,36545
27043,14191
27045,20835
27047,30948
27049,46464
27051,5989
27053,1198778
27055,18799
27057,20658
27059,38204
27061,45564
27063,10260
27065,15996
27067,42410
27069,4503
27071,13206
27073,7027
27075,10777
27077,3929
27079,27810
27081,5830
27083,25487
27085,35918
27087,5532
27089,9425
27091,20422
27093,23119
27095,25833
27097,32872
27099,39327
27101,8533
27103,33032
27105,21617
27107,6631
27109,149226
27111,57581
27113,14118
27115,29104
27117,9270
27119,31569
27121,10932
27123,526714
27125,4057
27127,15744
27129,15166
27131,65049
27133,9520
27135,15520
27137,200540
27139,137232
27141,90158
27143,15072
27145,152092
27147,36465
27149,9735
27151,9546
27153,24382
27155,3445
27157,21443
27159,13804
27161,19098
27163,246603
27165,11137
27167,6557
27169,51232
27171,128470
27173,10143
28001,32090
28003,37316
28005,12899
28007,19317
28009,8571
28011,34049
28013,14734
28015,10385
28017,17311
28019,8371
28021,9253
28023,16415
28025,20408
28027,25182
28029,28921
28031,19423
28033,168240
28035,77059
28037,7931
28039,23159
28041,14244
28043,21612
28045,45566
28047,196500
28049,244899
28051,18428
28053,8922
28055,1395
28057,23434
28059,140450
28061,16470
28063,7629
28065,11948
28067,68961
28069,10294
28071,51318
28073,58801
28075,80254
28077,12514
28079,23389
28081,85340
28083,31607
28085,34810
28087,59922
28089,100412
28091,26180
28093,36515
28095,36116
28097,10553
28099,29507
28101,21689
28103,11089
28105,49043
28107,34402
28109,55072
28111,12131
28113,40014
28115,30897
28117,25388
28119,7803
28121,146767
28123,28273
28125,4708
28127,27500
28129,16225
28131,18016
28133,27997
28135,15081
28137,28373
28139,22084
28141,19529
28143,10560
28145,27754
28147,14931
28149,48218
28151,49688
28153,20539
28155,9987
28157,9381
28159,18788
28161,12373
28163,27883
29001,25572
29003,17445
29005,5449
29007,25661
29009,35572
29011,12275
29013,16550
29015,18932
29017,12490
29019,170773
29021,89631
29023,43083
29025,9097
29027,44359
29029,43862
29031,77320
29033,9127
29035,6291
29037,100641
29039,13913
29041,7628
29043,80899
29045,6910
29047,230473
29049,20571
29051,76699
29053,17647
29055,24543
29057,7578
29059,16535
29061,8294
29063,12840
29065,15730
29067,13515
29069,31712
29071,101816
29073,14901
29075,6775
29077,283870
29079,10355
29081,8741
29083,22059
29085,9305
29087,4568
29089,10257
29091,40393
29093,10344
29095,679996
29097,116398
29099,221396
29101,54572
29103,4067
29105,35667
29107,32943
29109,38185
29111,10152
29113,53860
29115,12368
29117,14871
29119,22558
29121,15544
29123,12431
29125,9018
29127,28904
29129,3695
29131,25092
29133,14282
29135,15748
29137,8774
29139,11965
29141,20265
29143,18365
29145,58845
29147,23261
29149,10996
29151,13688
29153,9560
29155,17823
29157,19072
29159,42205
29161,44807
29163,18669
29165,93310
29167,30974
29169,53748
29171,4875
29173,10192
29175,24940
29177,23039
29179,6599
29181,14032
29183,373495
29185,9487
29186,17778
29187,66215
29189,1001444
29195,23252
29197,4358
29199,4921
29201,39290
29203,8297
29205,6177
29207,29780
29209,31297
29211,6448
29213,53575
29215,25636
29217,20949
29219,32999
29221,25172
29223,13404
29225,36466
29227,2090
29229,18473
29510,318416
30001,9341
30003,13042
30005,6604
30007,5692
30009,10340
30011,1174
30013,82384
30015,5849
30017,11951
30019,1791
30021,9445
30023,9329
30025,3079
30027,11501
30029,93068
30031,94720
30033,1290
30035,13739
30037,859
30039,3138
30041,16568
30043,11512
30045,2016
30047,29017
30049,65338
30051,2369
30053,19460
30055,1709
30057,7712
30059,1937
30061,4275
30063,111807
30065,4629
30067,15682
30069,506
30071,4179
30073,6211
30075,1748
30077,6993
30079,1179
30081,40823
30083,11214
30085,11125
30087,9329
30089,11363
30091,3668
30093,34523
30095,9318
30097,3669
30099,6065
30101,5138
30103,700
30105,7630
30107,2134
30109,1121
30111,154162
31001,31610
31003,6456
31005,458
31007,759
31009,482
31011,5388
31013,11305
31015,2032
31017,2926
31019,47893
31021,6574
31023,8312
31025,25357
31027,8711
31029,4000
31031,5788
31033,10091
31035,6392
31037,10425
31039,8996
31041,10792
31043,20947
31045,9088
31047,24207
31049,1937
31051,5851
31053,36515
31055,537256
31057,1981
31059,5698
31061,3085
31063,2709
31065,4865
31067,21864
31069,1902
31071,2035
31073,1972
31075,633
31077,2494
31079,60720
31081,9112
31083,3513
31085,976
31087,2872
31089,10449
31091,738
31093,6355
31095,7560
31097,5144
31099,6548
31101,8130
31103,790
31105,3702
31107,8565
31109,297036
31111,36051
31113,763
31115,576
31117,526
31119,35278
31121,7802
31123,4908
31125,3623
31127,7157
31129,4413
31131,15752
31133,2709
31135,2921
31137,9213
31139,7150
31141,32505
31143,5275
31145,11006
31147,8125
31149,1411
31151,14416
31153,169331
31155,20929
31157,36848
31159,17089
31161,5251
31163,3106
31165,1313
31167,6133
31169,5189
31171,699
31173,6895
31175,4193
31177,20223
31179,9411
31181,3688
31183,759
31185,13883
32001,24063
32003,2027868
32005,47118
32007,52384
32009,832
32011,2076
32013,17363
32015,6032
32017,5245
32019,51557
32021,4614
32023,42297
32027,6877
32029,3942
32031,433731
32033,10057
32510,54080
33001,60179
33003,47499
33005,76610
33007,31997
33009,89629
33011,403985
33013,146849
33015,299134
33017,124593
33019,42984
34001,275862
34003,925328
34005,450838
34007,512854
34009,95897
34011,157332
34013,789565
34015,290265
34017,660282
34019,126250
34021,370414
34023,828919
34025,629672
34027,499397
34029,583414
34031,505672
34033,65166
34035,330585
34037,145992
34039,548256
34041,107379
35001,674221
35003,3607
35005,65823
35006,27335
35007,13094
35009,50598
35011,1907
35013,213460
35015,55471
35017,29328
35019,4551
35021,693
35023,4654
35025,68062
35027,20105
35028,17798
35029,24659
35031,73308
35033,4704
35035,65616
35037,8662
35039,40072
35041,19955
35043,136575
35045,126503
35047,28541
35049,147423
35051,11572
35053,17584
35055,33035
35057,15717
35059,4370
35061,76284
36001,306945
36003,48109
36005,1418733
36007,197534
36009,78892
36011,79477
36013,133080
36015,88506
36017,49503
36019,81591
36021,62243
36023,48976
36025,46722
36027,296916
36029,919866
36031,38762
36033,51688
36035,54586
36037,59454
36039,48455
36041,4773
36043,64181
36045,119504
36047,2592149
36049,27149
36051,64705
36053,72382
36055,749606
36057,49897
36059,1352146
36061,1626159
36063,214249
36065,233585
36067,468387
36069,109103
36071,375592
36073,42235
36075,121165
36077,61683
36079,99645
36081,2296175
36083,159918
36085,472621
36087,320903
36089,111963
36091,223865
36093,155333
36095,31844
36097,18460
36099,35409
36101,98650
36103,1499738
36105,76665
36107,50243
36109,103617
36111,180998
36113,65337
36115,63093
36117,92473
36119,968802
36121,41531
36123,25156
37001,154378
37003,36930
37005,10939
37007,26161
37009,27151
37011,17713
37013,47464
37015,20344
37017,34843
37019,115301
37021,247912
37023,89842
37025,187226
37027,81990
37029,10187
37031,68434
37033,23190
37035,154810
37037,66817
37039,27218
37041,14726
37043,10584
37045,97047
37047,57246
37049,104489
37051,325871
37053,24396
37055,35019
37057,163420
37059,41554
37061,60084
37063,288133
37065,55574
37067,361220
37069,62260
37071,209420
37073,11650
37075,8736
37077,58275
37079,21232
37081,506610
37083,53453
37085,124987
37087,59183
37089,109540
37091,24431
37093,51322
37095,5721
37097,164517
37099,40919
37101,177967
37103,10215
37105,60266
37107,58914
37109,79740
37111,44961
37113,33857
37115,21022
37117,23699
37119,990977
37121,15328
37123,27571
37125,91587
37127,95093
37129,213267
37131,20839
37133,185220
37135,140352
37137,12953
37139,39981
37141,55334
37143,13601
37145,39276
37147,174263
37149,20411
37151,142577
37153,46405
37155,134841
37157,91878
37159,138323
37161,66956
37163,64150
37165,36025
37167,60635
37169,46588
37171,73050
37173,14058
37175,32903
37177,4109
37179,212756
37181,44808
37183,974289
37185,20575
37187,12722
37189,52372
37191,124583
37193,69023
37195,81667
37197,38038
37199,17566
38001,2360
38003,11190
38005,6877
38007,874
38009,6736
38011,3214
38013,2306
38015,88457
38017,162829
38019,3896
38021,5248
38023,2314
38025,4162
38027,2404
38029,3486
38031,3366
38033,1823
38035,69179
38037,2377
38039,2296
38041,2660
38043,2428
38045,4166
38047,1946
38049,5922
38051,2754
38053,9314
38055,9517
38057,8592
38059,28990
38061,9376
38063,3095
38065,1874
38067,7181
38069,4451
38071,11554
38073,5516
38075,2608
38077,16339
38079,14582
38081,3890
38083,1304
38085,4430
38087,761
38089,28212
38091,1960
38093,21120
38095,2317
38097,8245
38099,11104
38101,67990
38103,4206
38105,29595
39001,28105
39003,105298
39005,53043
39007,99811
39009,64681
39011,45920
39013,69571
39015,44264
39017,371272
39019,28275
39021,39455
39023,136167
39025,200218
39027,41945
39029,105893
39031,36760
39033,42808
39035,1263154
39037,52376
39039,38532
39041,184979
39043,76048
39045,148867
39047,28800
39049,1212263
39051,42488
39053,30621
39055,93972
39057,163204
39059,39636
39061,804520
39063,75773
39065,31641
39067,15622
39069,28092
39071,43299
39073,28665
39075,43593
39077,58889
39079,32783
39081,67964
39083,60810
39085,229857
39087,61917
39089,168375
39091,45481
39093,302827
39095,436393
39097,43277
39099,233869
39101,65905
39103,174915
39105,23496
39107,40784
39109,103439
39111,14585
39113,535846
39115,14904
39117,35033
39119,85231
39121,14628
39123,41153
39125,19254
39127,35997
39129,56304
39131,28367
39133,163862
39135,41732
39137,34088
39139,121773
39141,77910
39143,60098
39145,78153
39147,55914
39149,49192
39151,375432
39153,541824
39155,206442
39157,92672
39159,53306
39161,28459
39163,13276
39165,219169
39167,61310
39169,115071
39171,37500
39173,129264
39175,22447
40001,22194
40003,5847
40005,13898
40007,5566
40009,23637
40011,9720
40013,44244
40015,29594
40017,126123
40019,48491
40021,48017
40023,15045
40025,2335
40027,269340
40029,5867
40031,124937
40033,6152
40035,14672
40037,70470
40039,29377
40041,41377
40043,4844
40045,4170
40047,62267
40049,27334
40051,53685
40053,4528
40055,6171
40057,2869
40059,3813
40061,13052
40063,13823
40065,26088
40067,6432
40069,10990
40071,45633
40073,15276
40075,9341
40077,10775
40079,49774
40081,34351
40083,44422
40085,9742
40087,36511
40089,33065
40091,20493
40093,7683
40095,15988
40097,40804
40099,13712
40101,70303
40103,11446
40105,10555
40107,12377
40109,755245
40111,39438
40113,47987
40115,32245
40117,16513
40119,79066
40121,44703
40123,37992
40125,71158
40127,11233
40129,3743
40131,89044
40133,25426
40135,41218
40137,44919
40139,22081
40141,7711
40143,622409
40145,75700
40147,51577
40149,11678
40151,9041
40153,21221
41001,16018
41003,86591
41005,388263
41007,37244
41009,49344
41011,62282
41013,20815
41015,22339
41017,165954
41019,106940
41021,1947
41023,7283
41025,7146
41027,22675
41029,208545
41031,21145
41033,83306
41035,65910
41037,7820
41039,356212
41041,46350
41043,118765
41045,30479
41047,323614
41049,11336
41051,766135
41053,76794
41055,1731
41057,25317
41059,76720
41061,25652
41063,6814
41065,25477
41067,554996
41069,1381
41071,100725
42001,101546
42003,1231527
42005,68107
42007,170115
42009,49055
42011,413521
42013,126314
42015,62316
42017,626976
42019,185476
42021,140499
42023,4886
42025,64786
42027,155403
42029,509468
42031,39155
42033,81174
42035,39954
42037,66797
42039,87376
42041,241212
42043,270937
42045,561973
42047,31479
42049,280294
42051,134999
42053,7631
42055,152085
42057,14670
42059,37838
42061,45694
42063,87745
42065,44966
42067,24768
42069,213931
42071,529600
42073,89333
42075,135486
42077,355092
42079,320103
42081,116754
42083,42979
42085,115195
42087,46616
42089,167148
42091,812376
42093,18541
42095,299791
42097,94076
42099,45562
42101,1553165
42103,56591
42105,17497
42107,146920
42109,39865
42111,76520
42113,6351
42115,42286
42117,42463
42119,44867
42121,53907
42123,40885
42125,208206
42127,51548
42129,362437
42131,28003
42133,438965
44001,49220
44003,165035
44005,82397
44007,628600
44009,126259
45001,25007
45003,164176
45005,9839
45007,190641
45009,15430
45011,22119
45013,171838
45015,194020
45017,15055
45019,372803
45021,55885
45023,32578
45025,46197
45027,34355
45029,37788
45031,67935
45033,31229
45035,145397
45037,26436
45039,23109
45041,138326
45043,60440
45045,474266
45047,69723
45049,20408
45051,289650
45053,26629
45055,62516
45057,80458
45059,66229
45061,18347
45063,273752
45065,9947
45067,32072
45069,28003
45071,37521
45073,75045
45075,90942
45077,119829
45079,399256
45081,20091
45083,290969
45085,108123
45087,28030
45089,33067
45091,239363
46003,2720
46005,18080
46007,3452
46009,7046
46011,32968
46013,37907
46015,5366
46017,2024
46019,10330
46021,1334
46023,9241
46025,3610
46027,13935
46029,27853
46031,4215
46033,8468
46035,19823
46037,5596
46039,4320
46041,5586
46043,3023
46045,4041
46047,6839
46049,2386
46051,7281
46053,4242
46055,1894
46057,5961
46059,3391
46061,3405
46063,1262
46065,17508
46067,7145
46069,1391
46071,3216
46073,2066
46075,1001
46077,5065
46079,12055
46081,24910
46083,49858
46085,3892
46087,5654
46089,2457
46091,4763
46093,27202
46095,2081
46097,2333
46099,179640
46101,6404
46102,14118
46103,105761
46105,3037
46107,2394
46109,10251
46111,2324
46115,6610
46117,2981
46119,1437
46121,9982
46123,5498
46125,8361
46127,14829
46129,5524
46135,22696
46137,2834
47001,75542
47003,45901
47005,16290
47007,12841
47009,125099
47011,101848
47013,40238
47015,13775
47017,28513
47019,57338
47021,39492
47023,17321
47025,31560
47027,7774
47029,35479
47031,53357
47033,14591
47035,57466
47037,658602
47039,11661
47041,19164
47043,50266
47045,38213
47047,38690
47049,17909
47051,41129
47053,49457
47055,28746
47057,22702
47059,68267
47061,13498
47063,63074
47065,348673
47067,6679
47069,26306
47071,26034
47073,56800
47075,18224
47077,28048
47079,32210
47081,24267
47083,8292
47085,18243
47087,11517
47089,52123
47091,17977
47093,444622
47095,7731
47097,27795
47099,41990
47101,11961
47103,33633
47105,50448
47107,52341
47109,26140
47111,22701
47113,98733
47115,28374
47117,31130
47119,83761
47121,11649
47123,45265
47125,184119
47127,6301
47129,21915
47131,31131
47133,22075
47135,7869
47137,5090
47139,16690
47141,73525
47143,32513
47145,53047
47147,67383
47149,281029
47151,22015
47153,14681
47155,93570
47157,939465
47159,19074
47161,13362
47163,156595
47165,168888
47167,61586
47169,7828
47171,18082
47173,19102
47175,5583
47177,39965
47179,125546
47181,16939
47183,34450
47185,26244
47187,198901
47189,121945
48001,57938
48003,16799
48005,87441
48007,24356
48009,8681
48011,1949
48013,47093
48015,28847
48017,7114
48019,20601
48021,75825
48023,3614
48025,32799
48027,326843
48029,1817610
48031,10723
48033,637
48035,17855
48037,93487
48039,330242
48041,203164
48043,9286
48045,1537
48047,7237
48049,37749
48051,17169
48053,43823
48055,39232
48057,21806
48059,13525
48061,417276
48063,12413
48065,6010
48067,30331
48069,8030
48071,36812
48073,50878
48075,7095
48077,10473
48079,3016
48081,3210
48083,8543
48085,854778
48087,3099
48089,20752
48091,118480
48093,13623
48095,4043
48097,38467
48099,76192
48101,1452
48103,4773
48105,3807
48107,5991
48109,2277
48111,7057
48113,2480331
48115,13810
48117,19177
48119,5238
48121,728799
48123,20503
48125,2291
48127,10897
48129,3522
48131,11640
48133,18245
48135,149378
48137,1884
48139,155976
48141,827718
48143,39658
48145,17493
48147,33659
48149,24821
48151,3856
48153,6230
48155,1277
48157,652365
48159,10660
48161,19646
48163,18065
48165,18921
48167,306782
48169,6317
48171,25357
48173,1251
48175,7465
48177,20312
48179,23043
48181,122353
48183,123024
48185,26859
48187,143183
48189,35764
48191,3239
48193,8310
48195,5555
48197,4016
48199,55417
48201,4336853
48203,66886
48205,6100
48207,5875
48209,176026
48211,4158
48213,78675
48215,815996
48217,34823
48219,23530
48221,52905
48223,35565
48225,22911
48227,36147
48229,3318
48231,87048
48233,21819
48235,1612
48237,8957
48239,14591
48241,35649
48243,2253
48245,252358
48247,5245
48249,41680
48251,154707
48253,19859
48255,15081
48257,108568
48259,37766
48261,412
48263,807
48265,49953
48267,4481
48269,285
48271,3586
48273,32101
48275,3767
48277,49426
48279,13775
48281,20222
48283,7369
48285,19581
48287,16628
48289,16742
48291,76907
48293,23326
48295,3485
48297,11867
48299,19444
48301,95
48303,289324
48305,5723
48307,8330
48309,241481
48311,764
48313,13781
48315,10235
48317,5312
48319,4128
48321,36592
48323,55932
48325,47399
48327,2148
48329,151468
48331,24167
48333,4907
48335,9402
48337,19503
48339,499137
48341,22141
48343,12834
48345,1196
48347,65330
48349,48038
48351,14140
48353,15037
48355,352107
48357,10806
48359,2102
48361,82957
48363,27889
48365,23870
48367,121418
48369,9965
48371,15697
48373,45790
48375,121661
48377,7201
48379,11065
48381,126474
48383,3601
48385,3350
48387,12470
48389,13965
48391,7305
48393,831
48395,16486
48397,85245
48399,10309
48401,53622
48403,10361
48405,8769
48407,26856
48409,66137
48411,6012
48413,3206
48415,17302
48417,3375
48419,25792
48421,3093
48423,216080
48425,8658
48427,61963
48429,9247
48431,1219
48433,1432
48435,4006
48437,7763
48439,1911541
48441,134117
48443,903
48445,12743
48447,1600
48449,32581
48451,114954
48453,1120954
48455,14393
48457,21464
48459,39884
48461,3372
48463,26926
48465,48623
48467,52481
48469,90028
48471,68817
48473,45213
48475,11244
48477,34147
48479,262495
48481,41216
48483,5751
48485,132047
48487,13131
48489,21921
48491,471014
48493,45418
48495,7606
48497,60939
48499,42306
48501,8184
48503,18341
48505,14390
48507,12156
49001,6459
49003,50794
49005,116909
49007,20988
49009,1127
49011,322094
49013,20308
49015,10749
49017,5083
49019,9360
49021,46780
49023,10348
49025,7260
49027,12662
49029,10173
49031,1510
49033,2288
49035,1079721
49037,14973
49039,28237
49041,20852
49043,38486
49045,60762
49047,35555
49049,551891
49051,26437
49053,147800
49055,2747
49057,238519
50001,36791
50003,36659
50005,31157
50007,159515
50009,6211
50011,48294
50013,6987
50015,25067
50017,28915
50019,27169
50021,60622
50023,59319
50025,43857
50027,56067
51001,33148
51003,103000
51005,16161
51007,12745
51009,32178
51011,15255
51013,224906
51015,73912
51017,4616
51019,"75,773[22]"
51021,6735
51023,33002
51025,16973
51027,23597
51029,17136
51031,55235
51033,29298
51035,29883
51036,7130
51037,12305
51041,327745
51043,14348
51045,5210
51047,48506
51049,9841
51051,15486
51053,27904
51057,11229
51059,1130924
51061,67207
51063,15528
51065,25977
51067,56335
51069,81319
51071,16925
51073,36834
51075,21626
51077,15161
51079,18804
51081,11886
51083,35401
51085,101330
51087,318611
51089,52617
51091,2215
51093,35656
51095,70516
51097,7130
51099,24926
51101,16097
51103,11148
51105,25185
51107,349679
51109,33945
51111,12527
51113,13200
51115,8897
51117,31426
51119,10762
51121,96207
51125,14789
51127,19507
51131,12125
51133,12200
51135,15773
51137,34689
51139,23821
51141,18368
51143,62426
51145,28259
51147,22802
51149,37253
51153,438580
51155,34507
51157,7478
51159,8953
51161,93524
51163,22307
51165,77741
51167,28264
51169,22640
51171,42684
51173,31652
51175,18128
51177,127348
51179,136788
51181,6765
51183,11810
51185,44103
51187,38699
51191,54907
51193,17612
51195,40589
51197,29344
51199,66269
51510,148892
51520,17341
51530,6680
51540,44349
51550,230571
51570,17634
51580,5818
51590,42907
51595,5588
51600,23973
51610,13508
51620,8638
51630,28132
51640,7035
51650,136699
51660,51395
51670,22163
51678,7170
51680,78014
51683,41705
51685,16149
51690,13755
51700,182020
51710,246139
51720,4017
51730,32538
51735,12104
51740,96205
51750,17184
51760,214114
51770,98465
51775,25299
51790,24350
51800,85728
51810,448479
51820,21263
51830,15206
51840,27216
53001,19067
53003,22110
53005,184486
53007,73967
53009,72312
53011,443817
53013,4032
53015,101860
53017,39471
53019,7646
53021,86638
53023,2256
53025,91878
53027,71078
53029,78801
53031,30076
53033,2044449
53035,253968
53037,41765
53039,20866
53041,75081
53043,10301
53045,60497
53047,41193
53049,20498
53051,12896
53053,819743
53055,15875
53057,118837
53059,11274
53061,745913
53063,479398
53065,43430
53067,262388
53069,4042
53071,59530
53073,206353
53075,46570
53077,247044
54001,16770
54003,108706
54005,24224
54007,14502
54009,23737
54011,97133
54013,7564
54015,9244
54017,8344
54019,45599
54021,8672
54023,11759
54025,35644
54027,23445
54029,30291
54031,13920
54033,68972
54035,29178
54037,55073
54039,191275
54041,16452
54043,21559
54045,35987
54047,20876
54049,56868
54051,32459
54053,27126
54055,61984
54057,27704
54059,25900
54061,102274
54063,13483
54065,17498
54067,25965
54069,43727
54071,7471
54073,7577
54075,8669
54077,33859
54079,56650
54081,78833
54083,29415
54085,10073
54087,14656
54089,13563
54091,16973
54093,6968
54095,8995
54097,24665
54099,41437
54101,8893
54103,16204
54105,5901
54107,86569
54109,23019
55001,20480
55003,16016
55005,45676
55007,15156
55009,254586
55011,13357
55013,15333
55015,49617
55017,63132
55019,34615
55021,56653
55023,16397
55025,509939
55027,88344
55029,27896
55031,43887
55033,44122
55035,101438
55037,4520
55039,101798
55041,9126
55043,51069
55045,37090
55047,18959
55049,23749
55051,5886
55053,20644
55055,84509
55057,26547
55059,167757
55061,20505
55063,116713
55065,16766
55067,19575
55069,28684
55071,80654
55073,135416
55075,41610
55077,15176
55078,4317
55079,956023
55081,45298
55083,37318
55085,35689
55087,180345
55089,87054
55091,7360
55093,40976
55095,43476
55097,70380
55099,13802
55101,195041
55103,17717
55105,160739
55107,14395
55109,85930
55111,63162
55113,16513
55115,41643
55117,114922
55119,20610
55121,29582
55123,30329
55125,21368
55127,102945
55129,15686
55131,132739
55133,393843
55135,52285
55137,24329
55139,169541
55141,73959
56001,37422
56003,11994
56005,48176
56007,15748
56009,14313
56011,7184
56013,40998
56015,13612
56017,4847
56019,8628
56021,95809
56023,18364
56025,80973
56027,2541
56029,29227
56031,8765
56033,29824
56035,10041
56037,45237
56039,22268
56041,21066
56043,8463
56045,7158